D_Predict,Predictions
1,778.9931725
2,681.6108157
3,730.344682
4,672.8832878
5,764.5467783
6,738.295789
7,669.9722772
8,716.2603797
9,672.8832878
10,746.3924077
11,767.1709716
12,749.0497451
13,657.7183975
14,716.2603797
15,767.9385045
16,674.4287559
17,696.0423945
18,666.1932649
19,666.1932649
20,694.9097653
21,730.344682
22,734.3039041
23,668.5609052
24,658.4335255
25,778.9931725
26,681.6108157
27,696.0423945
28,718.232694
29,767.1709716
30,696.9562891
